<?xml version="1.0" encoding="UTF-8" ?>
<!DOCTYPE mapper PUBLIC "-//mybatis.org//DTD Mapper 3.0//EN" 
	"http://mybatis.org/dtd/mybatis-3-mapper.dtd">

<mapper namespace="com.ssafy.travery.model.mapper.QnABoardReplyMapper">

	<resultMap type="QnABoardReplyDto" id="QnABoardReply">
		<result column="article_no" property="articleNo"/>
		<result column="parent_no" property="parentNo"/>
		<result column="user_id" property="userId"/>
		<result column="subject" property="subject"/>
		<result column="content" property="content"/>
		<result column="type" property="type"/>
		<result column="hit" property="hit"/>
		<result column="register_time" property="registerTime"/>
	</resultMap>
	
	<resultMap type="QnABoardReplyDto" id="viewQnABoardReply" extends="QnABoardReply">
		<collection property="fileInfos" column="article_no" javaType="list" ofType="fileInfoDto" select="fileInfoList"/>
	</resultMap>

	<resultMap type="fileInfoDto" id="file">
		<result column="save_folder" property="saveFolder"/>
		<result column="original_file" property="originalFile"/>
		<result column="save_file" property="saveFile"/>
		<result column="file_type" property="type"/>
	</resultMap>

	<insert id="writeQnABoardReply" parameterType="QnABoardReplyDto">
		insert into qnaBoardReply (user_id,parent_no, subject, content, hit, register_time)
		values (#{userId},#{parentNo}, #{subject}, #{content}, 0, now())
		<selectKey resultType="int" keyProperty="articleNo" order="AFTER">
			select last_insert_id()
		</selectKey>
	</insert>
	
	<insert id="registerFile" parameterType="QnABoardReplyDto">
		insert into file_info (article_no,file_type,save_folder, original_file, save_file)
		values
		<foreach collection="fileInfos" item="fileinfo" separator=" , ">
			(#{articleNo},1, #{fileinfo.saveFolder}, #{fileinfo.originalFile}, #{fileinfo.saveFile})
		</foreach>
	</insert>

	<sql id="search">
		<if test="word != null and word != ''">
			<if test="key == 'subject'">
				and subject like concat('%', #{word}, '%')
			</if>
			<if test="key != 'subject'">
				and ${key} = #{word}
			</if>
		</if>
		<if test="type != null">
			and b.type=#{type}
		</if>
	</sql>

	<select id="listQnABoardReply" parameterType="map" resultMap="QnABoardReply">
		select b.article_no,b.parent_no, b.user_id, b.subject, b.content, b.hit, b.register_time, b.type, m.user_name
		from qnaBoardReply b, members m 
		where b.user_id = m.user_id
		order by b.article_no asc
	</select>
	
	<select id="getTotalQnABoardReplyCount" parameterType="map" resultType="int">
		select count(article_no)
		from qnaBoardReply
	</select>
	
	<select id="getQnABoardReply" parameterType="int" resultMap="viewQnABoardReply">
		select b.article_no,b.parent_no, b.user_id, b.subject, b.content, b.hit, b.register_time, m.user_name 
		from qnaBoardReply b, members m
		where b.user_id = m.user_id
		and b.article_no = #{articleNo}
	</select>
	
	<select id="fileInfoList" resultMap="file">
		select save_folder, original_file, save_file, file_type
		from file_info
		where article_no = #{articleNo} AND file_type=1
	</select>
	
	<update id="updateHit" parameterType="int">
		update qnaBoardReply
		set hit = hit + 1
		where article_no = #{articleNo}
	</update>
	
	<update id="modifyQnABoardReply" parameterType="QnABoardReplyDto">
		update qnaBoardReply
		set subject = #{subject}, content = #{content}
		where article_no = #{articleNo}
	</update>
	
		<update id="successQnABoardReply" parameterType="QnABoardReplyDto">
		update qnaBoardReply
		set type = #{type}
		where parent_no = #{parentNo}
	</update>
	
	<delete id="deleteFile" parameterType="int">
		delete from file_info
		where article_no = #{articleNo} AND file_type=1
	</delete>
	
	<delete id="deleteQnABoardReply" parameterType="int">
		delete from qnaBoardReply
		where article_no = #{articleNo}
	</delete>

</mapper>